{
    "No Variant": {
        "id": 0,
        "suits": ["Blue", "Green", "Yellow", "Red", "Purple"]
    },
    "Six Suits": {
        "id": 1,
        "suits": ["Blue", "Green", "Yellow", "Red", "Purple", "Teal"]
    },
    "Four Suits": {
        "id": 15,
        "suits": ["Blue", "Green", "Yellow", "Red"]
    },
    "Three Suits": {
        "id": 18,
        "suits": ["Blue", "Green", "Yellow"],
        "spacing": true
    },

    "Black (6 Suits)": {
        "id": 2,
        "suits": ["Blue", "Green", "Yellow", "Red", "Purple", "Black"]
    },
    "Black (5 Suits)": {
        "id": 21,
        "suits": ["Blue", "Green", "Yellow", "Red", "Black"],
        "spacing": true
    },

    "Rainbow (6 Suits)": {
        "id": 3,
        "suits": ["Blue", "Green", "Yellow", "Red", "Purple", "Rainbow"]
    },
    "Rainbow (5 Suits)": {
        "id": 16,
        "suits": ["Blue", "Green", "Yellow", "Red", "Rainbow"]
    },
    "Rainbow (4 Suits)": {
        "id": 17,
        "suits": ["Blue", "Green", "Yellow", "Rainbow"]
    },
    "Rainbow (3 Suits)": {
        "id": 19,
        "suits": ["Blue", "Green", "Rainbow"],
        "spacing": true
    },

    "Pink (6 Suits)": {
        "id": 106,
        "suits": ["Blue", "Green", "Yellow", "Red", "Purple", "Pink"]
    },
    "Pink (5 Suits)": {
        "id": 107,
        "suits": ["Blue", "Green", "Yellow", "Red", "Pink"]
    },
    "Pink (4 Suits)": {
        "id": 108,
        "suits": ["Blue", "Green", "Yellow", "Pink"]
    },
    "Pink (3 Suits)": {
        "id": 109,
        "suits": ["Blue", "Green", "Pink"],
        "spacing": true
    },

    "White (6 Suits)": {
        "id": 13,
        "suits": ["Blue", "Green", "Yellow", "Red", "Purple", "White"]
    },
    "White (5 Suits)": {
        "id": 22,
        "suits": ["Blue", "Green", "Yellow", "Red", "White"]
    },
    "White (4 Suits)": {
        "id": 26,
        "suits": ["Blue", "Green", "Yellow", "White"]
    },
    "White (3 Suits)": {
        "id": 27,
        "suits": ["Blue", "Green", "White"],
        "spacing": true
    },

    "Brown (6 Suits)": {
        "id": 69,
        "suits": ["Blue", "Green", "Yellow", "Red", "Purple", "Brown"]
    },
    "Brown (5 Suits)": {
        "id": 70,
        "suits": ["Blue", "Green", "Yellow", "Red", "Brown"]
    },
    "Brown (4 Suits)": {
        "id": 71,
        "suits": ["Blue", "Green", "Yellow", "Brown"]
    },
    "Brown (3 Suits)": {
        "id": 72,
        "suits": ["Blue", "Green", "Brown"],
        "spacing": true
    },

    "Black & Rainbow (6 Suits)": {
        "id": 65,
        "suits": ["Blue", "Green", "Yellow", "Red", "Black", "Rainbow"]
    },
    "Black & Rainbow (5 Suits)": {
        "id": 66,
        "suits": ["Blue", "Green", "Yellow", "Black", "Rainbow"],
        "spacing": true
    },

    "Black & Pink (6 Suits)": {
        "id": 118,
        "suits": ["Blue", "Green", "Yellow", "Red", "Black", "Pink"]
    },
    "Black & Pink (5 Suits)": {
        "id": 119,
        "suits": ["Blue", "Green", "Yellow", "Black", "Pink"],
        "spacing": true
    },

    "Black & White (6 Suits)": {
        "id": 63,
        "suits": ["Blue", "Green", "Yellow", "Red", "Black", "White"]
    },
    "Black & White (5 Suits)": {
        "id": 64,
        "suits": ["Blue", "Green", "Yellow", "Black", "White"],
        "spacing": true
    },

    "Black & Brown (6 Suits)": {
        "id": 73,
        "suits": ["Blue", "Green", "Yellow", "Red", "Black", "Brown"]
    },
    "Black & Brown (5 Suits)": {
        "id": 74,
        "suits": ["Blue", "Green", "Yellow", "Black", "Brown"],
        "spacing": true
    },

    "Rainbow & Pink (6 Suits)": {
        "id": 120,
        "suits": ["Blue", "Green", "Yellow", "Red", "Rainbow", "Pink"]
    },
    "Rainbow & Pink (5 Suits)": {
        "id": 121,
        "suits": ["Blue", "Green", "Yellow", "Rainbow", "Pink"]
    },
    "Rainbow & Pink (4 Suits)": {
        "id": 122,
        "suits": ["Blue", "Green", "Rainbow", "Pink"]
    },
    "Rainbow & Pink (3 Suits)": {
        "id": 149,
        "suits": ["Blue", "Rainbow", "Pink"],
        "spacing": true
    },

    "Rainbow & White (6 Suits)": {
        "id": 6,
        "suits": ["Blue", "Green", "Yellow", "Red", "Rainbow", "White"]
    },
    "Rainbow & White (5 Suits)": {
        "id": 28,
        "suits": ["Blue", "Green", "Yellow", "Rainbow", "White"]
    },
    "Rainbow & White (4 Suits)": {
        "id": 29,
        "suits": ["Blue", "Green", "Rainbow", "White"]
    },
    "Rainbow & White (3 Suits)": {
        "id": 150,
        "suits": ["Blue", "Rainbow", "White"],
        "spacing": true
    },

    "Rainbow & Brown (6 Suits)": {
        "id": 75,
        "suits": ["Blue", "Green", "Yellow", "Red", "Rainbow", "Brown"]
    },
    "Rainbow & Brown (5 Suits)": {
        "id": 76,
        "suits": ["Blue", "Green", "Yellow", "Rainbow", "Brown"]
    },
    "Rainbow & Brown (4 Suits)": {
        "id": 77,
        "suits": ["Blue", "Green", "Rainbow", "Brown"]
    },
    "Rainbow & Brown (3 Suits)": {
        "id": 78,
        "suits": ["Blue", "Rainbow", "Brown"],
        "spacing": true
    },

    "Pink & White (6 Suits)": {
        "id": 123,
        "suits": ["Blue", "Green", "Yellow", "Red", "Pink", "White"]
    },
    "Pink & White (5 Suits)": {
        "id": 124,
        "suits": ["Blue", "Green", "Yellow", "Pink", "White"]
    },
    "Pink & White (4 Suits)": {
        "id": 125,
        "suits": ["Blue", "Green", "Pink", "White"]
    },
    "Pink & White (3 Suits)": {
        "id": 126,
        "suits": ["Blue", "Pink", "White"],
        "spacing": true
    },

    "Pink & Brown (6 Suits)": {
        "id": 127,
        "suits": ["Blue", "Green", "Yellow", "Red", "Pink", "Brown"]
    },
    "Pink & Brown (5 Suits)": {
        "id": 128,
        "suits": ["Blue", "Green", "Yellow", "Pink", "Brown"]
    },
    "Pink & Brown (4 Suits)": {
        "id": 129,
        "suits": ["Blue", "Green", "Pink", "Brown"]
    },
    "Pink & Brown (3 Suits)": {
        "id": 130,
        "suits": ["Blue", "Pink", "Brown"],
        "spacing": true
    },

    "White & Brown (6 Suits)": {
        "id": 79,
        "suits": ["Blue", "Green", "Yellow", "Red", "White", "Brown"]
    },
    "White & Brown (5 Suits)": {
        "id": 80,
        "suits": ["Blue", "Green", "Yellow", "White", "Brown"]
    },
    "White & Brown (4 Suits)": {
        "id": 81,
        "suits": ["Blue", "Green", "White", "Brown"]
    },
    "White & Brown (3 Suits)": {
        "id": 82,
        "suits": ["Blue", "White", "Brown"],
        "spacing": true
    },

    "Dark Rainbow (6 Suits)": {
        "id": 11,
        "suits": ["Blue", "Green", "Yellow", "Red", "Purple", "Dark Rainbow"]
    },
    "Dark Rainbow (5 Suits)": {
        "id": 23,
        "suits": ["Blue", "Green", "Yellow", "Red", "Dark Rainbow"]
    },
    "Black & Dark Rainbow (6 Suits)": {
        "id": 12,
        "suits": ["Blue", "Green", "Yellow", "Red", "Black", "Dark Rainbow"]
    },
    "Pink & Dark Rainbow (6 Suits)": {
        "id": 131,
        "suits": ["Blue", "Green", "Yellow", "Red", "Pink", "Dark Rainbow"]
    },
    "Pink & Dark Rainbow (5 Suits)": {
        "id": 132,
        "suits": ["Blue", "Green", "Yellow", "Pink", "Dark Rainbow"]
    },
    "White & Dark Rainbow (6 Suits)": {
        "id": 83,
        "suits": ["Blue", "Green", "Yellow", "Red", "White", "Dark Rainbow"]
    },
    "White & Dark Rainbow (5 Suits)": {
        "id": 84,
        "suits": ["Blue", "Green", "Yellow", "White", "Dark Rainbow"]
    },
    "Brown & Dark Rainbow (6 Suits)": {
        "id": 85,
        "suits": ["Blue", "Green", "Yellow", "Red", "Brown", "Dark Rainbow"]
    },
    "Brown & Dark Rainbow (5 Suits)": {
        "id": 86,
        "suits": ["Blue", "Green", "Yellow", "Brown", "Dark Rainbow"],
        "spacing": true
    },

    "Dark Pink (6 Suits)": {
        "id": 137,
        "suits": ["Blue", "Green", "Yellow", "Red", "Purple", "Dark Pink"]
    },
    "Dark Pink (5 Suits)": {
        "id": 138,
        "suits": ["Blue", "Green", "Yellow", "Red", "Dark Pink"]
    },
    "Black & Dark Pink (6 Suits)": {
        "id": 139,
        "suits": ["Blue", "Green", "Yellow", "Red", "Black", "Dark Pink"]
    },
    "Rainbow & Dark Pink (6 Suits)": {
        "id": 140,
        "suits": ["Blue", "Green", "Yellow", "Red", "Rainbow", "Dark Pink"]
    },
    "Rainbow & Dark Pink (5 Suits)": {
        "id": 141,
        "suits": ["Blue", "Green", "Yellow", "Rainbow", "Dark Pink"]
    },
    "White & Dark Pink (6 Suits)": {
        "id": 142,
        "suits": ["Blue", "Green", "Yellow", "Red", "White", "Dark Pink"]
    },
    "White & Dark Pink (5 Suits)": {
        "id": 143,
        "suits": ["Blue", "Green", "Yellow", "White", "Dark Pink"]
    },
    "Brown & Dark Pink (6 Suits)": {
        "id": 144,
        "suits": ["Blue", "Green", "Yellow", "Red", "Brown", "Dark Pink"]
    },
    "Brown & Dark Pink (5 Suits)": {
        "id": 145,
        "suits": ["Blue", "Green", "Yellow", "Brown", "Dark Pink"],
        "spacing": true
    },

    "Grey (6 Suits)": {
        "id": 59,
        "suits": ["Blue", "Green", "Yellow", "Red", "Purple", "Gray"]
    },
    "Grey (5 Suits)": {
        "id": 58,
        "suits": ["Blue", "Green", "Yellow", "Red", "Gray"]
    },
    "Black & Grey (6 Suits)": {
        "id": 60,
        "suits": ["Blue", "Green", "Yellow", "Red", "Black", "Gray"]
    },
    "Rainbow & Gray (6 Suits)": {
        "id": 67,
        "suits": ["Blue", "Green", "Yellow", "Red", "Rainbow", "Gray"]
    },
    "Rainbow & Gray (5 Suits)": {
        "id": 68,
        "suits": ["Blue", "Green", "Yellow", "Rainbow", "Gray"]
    },
    "Pink & Gray (6 Suits)": {
        "id": 133,
        "suits": ["Blue", "Green", "Yellow", "Red", "Pink", "Gray"]
    },
    "Pink & Gray (5 Suits)": {
        "id": 134,
        "suits": ["Blue", "Green", "Yellow", "Pink", "Gray"]
    },
    "Brown & Gray (6 Suits)": {
        "id": 87,
        "suits": ["Blue", "Green", "Yellow", "Red", "Brown", "Gray"]
    },
    "Brown & Gray (5 Suits)": {
        "id": 88,
        "suits": ["Blue", "Green", "Yellow", "Brown", "Gray"],
        "spacing": true
    },

    "Chocolate (6 Suits)": {
        "id": 89,
        "suits": ["Blue", "Green", "Yellow", "Red", "Purple", "Chocolate"]
    },
    "Chocolate (5 Suits)": {
        "id": 90,
        "suits": ["Blue", "Green", "Yellow", "Red", "Chocolate"]
    },
    "Black & Chocolate (6 Suits)": {
        "id": 91,
        "suits": ["Blue", "Green", "Yellow", "Red", "Black", "Chocolate"]
    },
    "Rainbow & Chocolate (6 Suits)": {
        "id": 92,
        "suits": ["Blue", "Green", "Yellow", "Red", "Rainbow", "Chocolate"]
    },
    "Rainbow & Chocolate (5 Suits)": {
        "id": 93,
        "suits": ["Blue", "Green", "Yellow", "Rainbow", "Chocolate"]
    },
    "Pink & Chocolate (6 Suits)": {
        "id": 135,
        "suits": ["Blue", "Green", "Yellow", "Red", "Pink", "Chocolate"]
    },
    "Pink & Chocolate (5 Suits)": {
        "id": 136,
        "suits": ["Blue", "Green", "Yellow", "Pink", "Chocolate"]
    },
    "White & Chocolate (6 Suits)": {
        "id": 94,
        "suits": ["Blue", "Green", "Yellow", "Red", "White", "Chocolate"]
    },
    "White & Chocolate (5 Suits)": {
        "id": 95,
        "suits": ["Blue", "Green", "Yellow", "White", "Chocolate"],
        "spacing": true
    },

    "Dark Rainbow & Dark Pink (6 Suits)": {
        "id": 146,
        "suits": ["Blue", "Green", "Yellow", "Red", "Dark Rainbow", "Dark Pink"]
    },
    "Dark Rainbow & Gray (6 Suits)": {
        "id": 62,
        "suits": ["Blue", "Green", "Yellow", "Red", "Dark Rainbow", "Gray"]
    },
    "Dark Rainbow & Chocolate (6 Suits)": {
        "id": 96,
        "suits": ["Blue", "Green", "Yellow", "Red", "Dark Rainbow", "Chocolate"]
    },
    "Dark Pink & Gray (6 Suits)": {
        "id": 147,
        "suits": ["Blue", "Green", "Yellow", "Red", "Dark Pink", "Gray"]
    },
    "Dark Pink & Chocolate (6 Suits)": {
        "id": 148,
        "suits": ["Blue", "Green", "Yellow", "Red", "Dark Pink", "Chocolate"]
    },
    "Gray & Chocolate (6 Suits)": {
        "id": 97,
        "suits": ["Blue", "Green", "Yellow", "Red", "Gray", "Chocolate"],
        "spacing": true
    },

    "Light Rainbow (6 Suits)": {
        "id": 160,
        "suits": ["Blue", "Green", "Yellow", "Red", "Purple", "Light Rainbow"]
    },
    "Light Rainbow (5 Suits)": {
        "id": 161,
        "suits": ["Blue", "Green", "Yellow", "Red", "Light Rainbow"]
    },
    "Light Rainbow (4 Suits)": {
        "id": 162,
        "suits": ["Blue", "Green", "Yellow", "Light Rainbow"]
    },
    "Light Rainbow (3 Suits)": {
        "id": 163,
        "suits": ["Blue", "Green", "Light Rainbow"],
        "spacing": true
    },

    "Light Pink (6 Suits)": {
        "id": 164,
        "suits": ["Blue", "Green", "Yellow", "Red", "Purple", "Light Pink"]
    },
    "Light Pink (5 Suits)": {
        "id": 165,
        "suits": ["Blue", "Green", "Yellow", "Red", "Light Pink"]
    },
    "Light Pink (4 Suits)": {
        "id": 166,
        "suits": ["Blue", "Green", "Yellow", "Light Pink"]
    },
    "Light Pink (3 Suits)": {
        "id": 167,
        "suits": ["Blue", "Green", "Light Pink"],
        "spacing": true
    },

    "Color Blind (6 Suits)": {
        "id": 10,
        "suits": ["Blue B", "Green B", "Yellow B", "Red B", "Purple B", "Teal B"],
        "clueColors": ["Blue", "Green", "Yellow", "Red", "Purple", "Teal"]
    },
    "Color Blind (5 Suits)": {
        "id": 33,
        "suits": ["Blue B", "Green B", "Yellow B", "Red B", "Purple B"],
        "clueColors": ["Blue", "Green", "Yellow", "Red", "Purple"]
    },
    "Color Blind (4 Suits)": {
        "id": 34,
        "suits": ["Blue B", "Green B", "Yellow B", "Red B"],
        "clueColors": ["Blue", "Green", "Yellow", "Red"]
    },
    "Color Blind (3 Suits)": {
        "id": 35,
        "suits": ["Blue B", "Green B", "Yellow B"],
        "clueColors": ["Blue", "Green", "Yellow"],
        "spacing": true
    },

    "Number Blind (6 Suits)": {
        "id": 102,
        "suits": ["Blue", "Green", "Yellow", "Red", "Purple", "Teal"]
    },
    "Number Blind (5 Suits)": {
        "id": 103,
        "suits": ["Blue", "Green", "Yellow", "Red", "Purple"]
    },
    "Number Blind (4 Suits)": {
        "id": 104,
        "suits": ["Blue", "Green", "Yellow", "Red"]
    },
    "Number Blind (3 Suits)": {
        "id": 105,
        "suits": ["Blue", "Green", "Yellow"],
        "spacing": true
    },

    "Totally Blind (6 Suits)": {
        "id": 151,
        "suits": ["Blue B", "Green B", "Yellow B", "Red B", "Purple B", "Teal B"],
        "clueColors": ["Blue", "Green", "Yellow", "Red", "Purple", "Teal"]
    },
    "Totally Blind (5 Suits)": {
        "id": 152,
        "suits": ["Blue B", "Green B", "Yellow B", "Red B", "Purple B"],
        "clueColors": ["Blue", "Green", "Yellow", "Red", "Purple"]
    },
    "Totally Blind (4 Suits)": {
        "id": 153,
        "suits": ["Blue B", "Green B", "Yellow B", "Red B"],
        "clueColors": ["Blue", "Green", "Yellow", "Red"]
    },
    "Totally Blind (3 Suits)": {
        "id": 154,
        "suits": ["Blue B", "Green B", "Yellow B"],
        "clueColors": ["Blue", "Green", "Yellow"],
        "spacing": true
    },

    "Color Mute (6 Suits)": {
        "id": 110,
        "suits": ["Blue B", "Green B", "Yellow B", "Red B", "Purple B", "Teal B"]
    },
    "Color Mute (5 Suits)": {
        "id": 111,
        "suits": ["Blue B", "Green B", "Yellow B", "Red B", "Purple B"]
    },
    "Color Mute (4 Suits)": {
        "id": 112,
        "suits": ["Blue B", "Green B", "Yellow B", "Red B"]
    },
    "Color Mute (3 Suits)": {
        "id": 113,
        "suits": ["Blue B", "Green B", "Yellow B"],
        "spacing": true
    },

    "Number Mute (6 Suits)": {
        "id": 114,
        "suits": ["Blue", "Green", "Yellow", "Red", "Purple", "Teal"]
    },
    "Number Mute (5 Suits)": {
        "id": 115,
        "suits": ["Blue", "Green", "Yellow", "Red", "Purple"]
    },
    "Number Mute (4 Suits)": {
        "id": 116,
        "suits": ["Blue", "Green", "Yellow", "Red"]
    },
    "Number Mute (3 Suits)": {
        "id": 117,
        "suits": ["Blue", "Green", "Yellow"],
        "spacing": true
    },

    "Ambiguous (6 Suits)": {
        "id": 8,
        "suits": ["Sky", "Navy", "Lime", "Forest", "Tomato", "Mahogany"],
        "showSuitNames": true
    },
    "Ambiguous (4 Suits)": {
        "id": 30,
        "suits": ["Sky", "Navy", "Tomato", "Mahogany"],
        "showSuitNames": true
    },
    "Ambiguous & White (5 Suits)": {
        "id": 31,
        "suits": ["Sky", "Navy", "Tomato", "Mahogany", "White"],
        "showSuitNames": true
    },
    "Ambiguous & Rainbow (5 Suits)": {
        "id": 32,
        "suits": ["Sky", "Navy", "Tomato", "Mahogany", "Rainbow"],
        "showSuitNames": true
    },
    "Very Ambiguous (6 Suits)": {
        "id": 9,
        "suits": ["Sky VA", "Berry", "Navy VA", "Tomato VA", "Ruby", "Mahogany VA"],
        "showSuitNames": true,
        "spacing": true
    },

    "Dual-Color (6 Suits)": {
        "id": 4,
        "suits": ["Green D", "Purple D", "Navy D", "Orange", "Tan", "Mahogany D"],
        "showSuitNames": true
    },
    "Dual-Color (5 Suits)": {
        "id": 36,
        "suits": ["Teal D", "Lime D", "Orange", "Cardinal", "Indigo", "Mahogany D"],
        "showSuitNames": true
    },
    "Dual-Color (3 Suits)": {
        "id": 37,
        "suits": ["Green D", "Purple D", "Orange"],
        "showSuitNames": true
    },
    "Dual-Color & Rainbow (6 Suits)": {
        "id": 5,
        "suits": ["Teal D", "Lime D", "Orange", "Cardinal", "Indigo", "Mahogany D"],
        "showSuitNames": true
    },
    "Dual-Color & Rainbow (4 Suits)": {
        "id": 38,
        "suits": ["Green D", "Purple D", "Orange", "Rainbow"],
        "showSuitNames": true,
        "spacing": true
    },

    "Multi-Fives (6 Suits)": {
        "id": 45,
        "suits": ["Blue", "Green", "Yellow", "Red", "Purple", "Teal"]
    },
    "Multi-Fives (5 Suits)": {
        "id": 46,
        "suits": ["Blue", "Green", "Yellow", "Red", "Purple"]
    },
    "Multi-Fives (4 Suits)": {
        "id": 49,
        "suits": ["Blue", "Green", "Yellow", "Red"]
    },
    "Multi-Fives (3 Suits)": {
        "id": 50,
        "suits": ["Blue", "Green", "Yellow"],
        "spacing": true
    },

    "Multi-Fives & Rainbow (6 Suits)": {
        "id": 39,
        "suits": ["Blue", "Green", "Yellow", "Red", "Purple", "Rainbow"]
    },
    "Multi-Fives & Rainbow (5 Suits)": {
        "id": 14,
        "suits": ["Blue", "Green", "Yellow", "Red", "Rainbow"]
    },
    "Multi-Fives & Rainbow (4 Suits)": {
        "id": 47,
        "suits": ["Blue", "Green", "Yellow", "Rainbow"]
    },
    "Multi-Fives & Rainbow (3 Suits)": {
        "id": 48,
        "suits": ["Blue", "Green", "Rainbow"],
        "spacing": true
    },

    "Prism-Ones (6 Suits)": {
        "id": 168,
        "suits": ["Blue", "Green", "Yellow", "Red", "Purple", "Teal"]
    },
    "Prism-Ones (5 Suits)": {
        "id": 169,
        "suits": ["Blue", "Green", "Yellow", "Red", "Purple"]
    },
    "Prism-Ones (4 Suits)": {
        "id": 170,
        "suits": ["Blue", "Green", "Yellow", "Red"]
    },
    "Prism-Ones (3 Suits)": {
        "id": 171,
        "suits": ["Blue", "Green", "Yellow"],
        "spacing": true
    },

    "Prism-Ones & Pink (6 Suits)": {
        "id": 172,
        "suits": ["Blue", "Green", "Yellow", "Red", "Purple", "Pink"]
    },
    "Prism-Ones & Pink (5 Suits)": {
        "id": 173,
        "suits": ["Blue", "Green", "Yellow", "Red", "Pink"]
    },
    "Prism-Ones & Pink (4 Suits)": {
        "id": 174,
        "suits": ["Blue", "Green", "Yellow", "Pink"]
    },
    "Prism-Ones & Pink (3 Suits)": {
        "id": 175,
        "suits": ["Blue", "Green", "Pink"],
        "spacing": true
    },

    "Clue Starved (6 Suits)": {
        "id": 51,
        "suits": ["Blue", "Green", "Yellow", "Red", "Purple", "Teal"]
    },
    "Clue Starved (5 Suits)": {
        "id": 52,
        "suits": ["Blue", "Green", "Yellow", "Red", "Purple"]
    },
    "Clue Starved (4 Suits)": {
        "id": 53,
        "suits": ["Blue", "Green", "Yellow", "Red"],
        "spacing": true
    },

    "Up or Down (6 Suits)": {
        "id": 40,
        "suits": ["Blue", "Green", "Yellow", "Red", "Purple", "Teal"],
        "showSuitNames": true
    },
    "Up or Down (5 Suits)": {
        "id": 24,
        "suits": ["Blue", "Green", "Yellow", "Red", "Purple"],
        "showSuitNames": true
    },
    "Up or Down & Rainbow (6 Suits)": {
        "id": 25,
        "suits": ["Blue", "Green", "Yellow", "Red", "Purple", "Rainbow"],
        "showSuitNames": true
    },
    "Up or Down & Rainbow (5 Suits)": {
        "id": 43,
        "suits": ["Blue", "Green", "Yellow", "Red", "Rainbow"],
        "showSuitNames": true
    },
    "Up or Down & Pink (6 Suits)": {
        "id": 155,
        "suits": ["Blue", "Green", "Yellow", "Red", "Purple", "Pink"],
        "showSuitNames": true
    },
    "Up or Down & Pink (5 Suits)": {
        "id": 156,
        "suits": ["Blue", "Green", "Yellow", "Red", "Pink"],
        "showSuitNames": true
    },
    "Up or Down & White (6 Suits)": {
        "id": 41,
        "suits": ["Blue", "Green", "Yellow", "Red", "Purple", "White"],
        "showSuitNames": true
    },
    "Up or Down & White (5 Suits)": {
        "id": 42,
        "suits": ["Blue", "Green", "Yellow", "Red", "White"],
        "showSuitNames": true
    },
    "Up or Down & Brown (6 Suits)": {
        "id": 157,
        "suits": ["Blue", "Green", "Yellow", "Red", "Purple", "Brown"],
        "showSuitNames": true
    },
    "Up or Down & Brown (5 Suits)": {
        "id": 158,
        "suits": ["Blue", "Green", "Yellow", "Red", "Brown"],
        "showSuitNames": true,
        "spacing": true
    },

    "Cow & Pig (6 Suits)": {
        "id": 98,
        "suits": ["Blue", "Green", "Yellow", "Red", "Purple", "Teal"]
    },
    "Cow & Pig (5 Suits)": {
        "id": 99,
        "suits": ["Blue", "Green", "Yellow", "Red", "Purple"]
    },
    "Cow & Pig (4 Suits)": {
        "id": 100,
        "suits": ["Blue", "Green", "Yellow", "Red"]
    },
    "Cow & Pig (3 Suits)": {
        "id": 101,
        "suits": ["Blue", "Green", "Yellow"],
        "spacing": true
    },

    "Duck (6 Suits)": {
        "id": 54,
        "suits": ["Blue", "Green", "Yellow", "Red", "Purple", "Teal"]
    },
    "Duck (5 Suits)": {
        "id": 55,
        "suits": ["Blue", "Green", "Yellow", "Red", "Purple"]
    },
    "Duck (4 Suits)": {
        "id": 56,
        "suits": ["Blue", "Green", "Yellow", "Red"]
    },
    "Duck (3 Suits)": {
        "id": 57,
        "suits": ["Blue", "Green", "Yellow"],
        "spacing": true
    },

    "Ambiguous Mix": {
        "id": 20,
        "suits": ["Tomato", "Mahogany", "Sky", "Navy", "Black", "White"],
        "showSuitNames": true
    },
    "Dual-Color Mix": {
        "id": 7,
        "suits": ["Green D", "Purple D", "Orange", "Black", "Rainbow", "White"]
    },
    "Gay Pride": {
        "id": 159,
        "suits": ["Black", "Rainbow", "Pink", "White", "Brown"]
    }
}
